company_name,company_domain
ABA Basics,ababasicsinc.com
Advance Pathways,advancepathways.org
"Affordable Care, LLC",affordablecare.com
AidiN Health,aidin.health
Alma,helloalma.com
Alma Behavioral Group,almabehavioralgroup.com
Apt Financial,aptfinancial.co
"Archipelago Care, Inc.",joinarchhealth.com
Arvada Foot and Ankle,arvadafootandankle.com
BAYADA Home Health Care,bayada.com
BetaXAnalytics,betaxanalytics.com
Billboard Sys,billboardsys.com
BlueSkye Independent Rx Brokerage,blueskyerx.com
CAFE RX,caferxnj.com
Clarity Psychiatric Solutions PLLC,claritypsy.com
CSI Companies,csicompanies.com
Dental365,godental365.com
DFS Pharma,dfspharma.com
DocFi,docfiinc.com
Florida Kids Therapy Associates,floridakidstherapy.com
Foxen Canyon Holdings LLC,clearconsulting.io
FREDERICKSBURG CITY PHARMACY,fredericksburgpharmacy.com
Gemini Healthcare,gemini-healthcare.com
Global Pharmacy Services,gpsrx.com
Golden Wellness Rx,goldenwellnessrx.com
"Grelin Health, Inc.",grelinhealth.com
HealBetr,healbetr.com
Hillcrest Capital Partners,hillcrestcapitalpartners.com
iCARE Adult Day Center,icareadultdaycenter.com
Inception Online Marketing,inceptiononlinemarketing.com
Indus VP,indusvp.com
JABA,jabacares.org
Josi Health,josihealth.com
KINDRED TRANSITIONAL CARE AND REHABILITATION,bsscc.com
KOA Wellness,mykoawellness.com
"Kudos Mental Health, LLC",kudosmentalhealth.com
"La Jolla Digital, LLC",rcmhealthgroup.com
Level Verify,level-verify.com
LexiCode,lexicode.com
Magic Touch Dental Lab Solutions,magictouchsoftware.com
Manage UP,manageupprm.com
Maxlink Health,maxlinkhealth.com
"Medlink Services, Inc.",medlinkservices.net
MedPlacer,medplacer.com
MHP,mhpmed.com
Mind Refined,mindrefined.us
Mind Ventures LLC,mindventures.com
Molar,molarhq.com
Mom's Meals,momsmeals.com
Monitor Medical,monitormedical.com
Mosaic Health,mosaichealth.com
mycodeworks.tech,mycodeworks.tech
Navigate Healthcare Administration,patient.com
New York Cancer & Blood Specialists,nycancer.com
"NIKALogic IT Solutions, Inc.",nikalogic.com
Nimbus Verify,nimbusverify.com
North American Dental Group,nadentalgroup.com
Oakley,oakley.com
"Oasys Practice, LLC",oasys.us
Oclinicals Recruiting,oclinicals.com
ONCOLOGY MED,oncologymed.com
Oodesy,oodesy.com
OptiPay,optipayrcm.com
Otera Health,oterahealth.com
PathogenX,pathogenx.com
PatientTrak,patienttrak.net
paydeck.io,paydeck.io
PCH Health,pchhealth.global
Pendant Health,pendanthealth.com
PIEDMONT WEST AMBULATORY SURGERY CENTER,piedmontwest.com
Pinon Peak Consulting,pinonpeakconsulting.com
plain (Plain Technologies LLC),getplain.ai
Psy-Quest,psyquest.net
Psychology and Learning Center,psychlearning.org
Pure Technology Consulting LLC,puretechconsult.com
R1 RCM,r1rcm.com
RagaAI,raga.ai
Raskin Risers,raskinrisers.com
SALT Dental Partners,saltdentalpartners.com
Selah Health,selah.health
Seventh Avenue Labs,seventhavenuelabs.com
Skulicity,skulicity.com
SleepLyfe,sleeplyfe.com
SleepRes,sleepres.com
Smarter,smartertech.com
Smile Doctors,smiledoctors.com
Specialty Dental Brands,specialtydentalbrands.com
SqaPharmacy.com,sqapharmacy.com
Storii,storii.com
Sunshine Rides,sunshinerides.com
The Outcomes Place,outcomesplace.com
Toyon Associates,toyonassociates.com
TraverseRx,traverserx.com
Trelis,hansmith.com
Utah Family Therapy,utahfamilytherapy.com
Vascular Hot Springs,vascular-hotsprings.com
Vela Health,velahealth.com
verified.inc,verified.inc
Verorcm,verorcm.com
VITAS Healthcare,vitas.com
